Name,Description,Price,Features,Location
Casa En Renta En Fracc Privado Real Valladolid 7 500 3...,"...Valladolid 7 500 3 dormitorios Bonita casa estilo minimalista en renta dentro de fraccionamiento privado y dentro de Morelia a la altura del tianguis de autos, entre av. periodismo y av. la Huerta, cuenta en planta baja con espacios de sala, comedor,...","7,500","3 habitaciones
2 baños
teléfono
cochera
cocina equipada","Morelia
        
"
"Terreno Comercial De 650m2, En Esquina, Frente A Plaza...","En zona comercial bien conocida por plaza monumental que se encuentra en frente de este gran terreno.Gran paso de personas y transporte público.Superficie de 650m2 con cambio de uso de suelo, únicamente con 2 bardas.¡Ven y conócelo!, haz tu cita...","20,000",bien comunicado,"valladolid, Morelia
        
"
Salon En Venta El Chapuzon Zona Tabachines 700 m2,"...Valladolid consta de m2 de terreno, y 45m2 de construcción1 plantaCocina incluye estufaAlberca2 PalapasPortón de herrería Patio grande juegos y árboles.Otras Caracteristicas:Asador: SI.Area de cafetería: SI.Jardín(es): SI.Patio: 1.Alberca: SI.Control...","750,000",,"La Paz
        
"
cgc En Venta Hacienda Restaurante Valladolid 1...,...Valladolid 1 dormitorios 11447 m2 Excelente oportunidad ! en venta Hacienda Restaurante ubicado en la comisaría de Ticuch sobre la carretera del golfo. Municipio de Valladolid.Está a 30 min. de la zona arqueológica Ek Balam y a 12 min. de Temozon. A...,0.0,"cochera
terraza","Zapopan
        
"
Disfruta Una Semana En Un Penthouse De Lujo En Cancun,"...valladolid, bacalar y mérida. Descripción:planta baja:sala, comedor, cocina, medio baño, terraza y 2 recamaras con baño planta alta:master suite con baño, terraza amenidades:alberca, chapoteadero, jacuzzi y asoleadero seguridad:cortinas anticiclonica...","49,000","3 habitaciones
3 baños
jacuzzi
terraza","supermanzana Cancún
        
"
"Departamento en Renta Valladolid, Fraccionamiento Campo...","En Homie no te pedimos aval, te respaldamos y hacemos de tu vida algo maravilloso. Departamento de 62.0 metros cuadrados cuenta con: - 2 habitaciones. - 1.0 baño - 1 lugar de estacionamiento.Características: - Terraza- Amueblado-...",0.0,"2 habitaciones
1 baño
62 m²
amueblado","Temixco
        
"
"Oficina, SE RENTA BONITO DESPACHO CERCA DEL MONUMENTO A...","...Valladolid, a unos pasos del Supremo Tribunal de Justicia. Cuenta con un baño. Además área de recepción y servicios compartidos. Disponible para contador y/o abogado.Cerca del monumento a Lázaro Cárdenas y calzada La Huerta. CONTÁCTANOS: ( (teléfono...",0.0,20 m²,"nueva valladolid, Morelia
        
"
Local comercial en el centro de Valladolid,...8x33. - Valladolid - renta...,"15,000",,"Valladolid
        
"
Excelente terreno comercial en renta en libramiento sur...,"Terreno ubicado sobre el libramiento sur no. 8735, con calle fuentes de morelia, alto flujo vehicular con uso comercial. Se encuentra en un perimetro de 1 km de mega comercial mexicana, cinemex, plaza el resplandor cinepolis, zoologico benito...",0.0,7000 m²,"fuentes de valladolid, Morelia
        
        
    "
"Casa en renta Centrica, Valladolid 3 habitaciones 2 baños","...Valladolid Yucatán.Esta propiedad se encuentra en una zona centrica a solo 2 esquinas del parque del centro de Valladolid Yucatán, a pesar de estar tan cerca de la zona urbana, es bastante tranquila la calle en la que está casa se encuentra.Cuenta co...","10,000","3 habitaciones
2 baños","Valladolid
        
"
Departamento 3 recamaras Mision las flores,"...Valladolid, Chetumal, Terrenos en venta Departamento en Renta largo plazo céntrico sobre avenida constituyentes ubicado en el fraccionamiento en Misión de las Flores, Playa del Carmen, Quintana Roo, el departamento se encuentra amueblado, cuenta con...","9,600","balcón
cocina equipada","Playa del Carmen
        
"
Local en Renta Jesús María 2 carr. Valladolid 2 Locales...,Local Comercial en Renta sobre avenida Emiliano Zapata..50 m2 con su medio baño. (2 disponibles).Publicado por Grupo HERO a traves de Inmomap en TuPortalOnline,0.0,"1 habitación
1 baño","los arroyitos, Jesús María
        
"
Casa amueblada cerca del Aeropuerto y Periferico,...ValladolidPerifericoPlaza Oriente y ChedrauiMacroplazaSendero IMSS T1Cruz Roja Estadio Kukulkan e Iturralde Jardin Carta ClaraGrupo ModeloBepensa Universidad Pedagogica Centro de Estudios CTM Fac. de Economia de Uady Visitanos ensites.google.com/view...,0.0,"1 habitación
1 baño
200 m²
amueblado
jardín","fraccionamiento bosques de oriente, Mérida
        
"
"nave en renta en San Antonio De Los Horcones, Jesús...","...A PARTE POSTERIOR DEL INMUEBLE. SE ENCUENTRA UBICADA EN LA COMUNIDAD DE SAN ANTONIO DE LOS HORCONES EN JESUS MARIA, A ESPALDAS DE LA FABRICA AMERICAN ESTÁNDAR A TAN SOLO 150MTS DE LA CARRETERA A VALLADOLID. Llamar al Asesor Daniel Flores al 971 00 00...","25,000","2 baños
1500 m²
16 MXN/m²","san antonio de los horcones, Jesús Maria
        
        
    "
Finca Campestre cerca de Valladolid Yucatan,"...Valladolid YucatanEsta finca campestre en venta se encuentra a solo minutos del pueblo mágico de Valladolid Yucatán.El terreno es levemente irregular, con forma de L y un area total de 1.5 herctáreas, y cuenta con todos los servicios como CFE, agua m...",0.0,,"Valladolid
        
"
Salon Real,"...Valladolid. Quieres saber mas de este gran local en renta?Contáctenos para más información, sobre esta y otras oportunidades en bienes y raíces en Valladolid Yucatán. Somos la mejor agencia de bienes raíces y estamos aquí para ayudarte a encontrar la...","25,000",,"Valladolid
        
"
Renta De Sala De Capacitación,"...valladolid, campeche, oaxaca, tuxtla, playa del carmen, chetumal y en sus más de 50 planteles en toda la república. Renta de salas de capacitación por hora o por día.. Servicio de wifi. Equipos de computo. Mobiliario ergonómico. Áreas climatizadas. C...",0.0,"1 habitación
2 baños
40 m²","Mérida
        
"
"Oficina, Local en renta en calle 39 y 26, Valladolid 1...","...Valladolid Yucatán. Excelente oportunidad para renta de local comercial sobre la carretera libre Merida-Cancun. Este local se encuentra a tan solo unas cuantas esquinas del centro en una zona con mucha afluencia de personas, ya que se encuentra en la...","14,000","1 baño
89 m²
157 MXN/m²
cochera","valladolid, Valladolid
        
"
"Terreno Comercial En Renta, En Nueva Valladolid, Morelia","...Terreno en renta en Morelia en la colonia Nueva Valladolid, de 24x27m; esquina Nicolás de los Palacios rubios y Juan de Alvarado, contra esquina de la plaza Monumental. Ideal para farmacia, OXXO, auto lata, minisúper, entre otros...","19,500",,"nueva valladolid, Morelia
        
"
Local Ciudad De La Paz,"RENTO LOCAL 147 M2, SE PUEDE USAR PARA BODEGA O NEGOCIO CON OFICINA, ESTA COMPLETAMENTE PROTEGIDO EN EL CENTRO DE LA CIUDAD DE LA PAZ, BAJA CALIFORNIA SUR, A 2 CUADRAS DEL MALECÓN. $12,000.00","12,000",,"ciudad de la paz, La Paz
        
"
Gran casa en Campestre De Pedregal,"...Valladolid Yucatán, Campestre De Pedregal, cuenta con seguridad 24 horas. Esta propiedad cuenta con sala, comedor, cocina, 5 habitaciones, 4 baños, piscina y lavandería. Esta propiedad se renta completamente amueblada, que incluye Televisiones, aires...","20,000","aire acondicionado
lavadora
cochera
alberca","Valladolid
        
"
"Casa En Renta En Cuautlancingo, Fracc. Con Alberca, San...","Hermosa Casa en Renta en Cuautlancingo, en un fraccionamiento cerrado con vigilancia 24 horas, frente al área verde con alberca. Ideal para familias que buscan espacios tranquilos y seguros para sus hijos; o profesionistas que buscan cercanía a...","6,000","3 habitaciones
1 baño
alberca
cocina equipada
jardín","santa cruz cuautlancingo, Cuautlancingo
        
"
Casa en renta centro de Valladolid Yucatán,"...Valladolid Yucatán Esta propiedad se encuentra a una esquina y media de el parque central de Valladolid, sobre la calle 40. Si buscas rentar un local céntrico, instalar un hotelito o renta vacacional: esta es la propiedad ideal. A diferencia de mucha...","30,000","terraza
jardín","Valladolid
        
"
Hotel en venta en carretera a Cancun,"...Valladolid YucatanAprovecha esta oportunidad de invertir en el corazon de la Península de Yucatán: Valladolid.Este pueblo mágico está atrayendo cada vez más atención del turismo nacional e internacional, por su encanto, seguridad y corta distancia a...",0.0,jardín,"Valladolid
        
"
Casa colonial a 250m del centro de Valladolid,...Valladolid Yucatán Disponible s partir de Enero 2020 Esta hermosa casa colonial se encuentra a solo una esquina y media del parque del centro de Valladolid Yucatán. A pesar de estár en el centro de Valladolid se encuentra en una calle tranquila. Esta...,"12,000",jardín,"Valladolid
        
"
Oficina en renta en nueva valladolid,"...ente 20m² en col. Nueva valladolid, a unos pasos del supremo tribunal de justicia. Cuenta con un baño. Además área de recepción y servicios compartidos. Disponible para contador y/o abogado.Cerca del monumento a lázaro cárdenas y calzada la huerta. C...",0.0,1 m²,"nueva valladolid, Morelia
        
        
    "
Hotel Maria Guadalupe,"...Valladolid.Se vende hotel en el Centro de Valladolid Yucatán, este hotel cuenta con todos los servicios, agua fria, agua caliente, internet, electricidad. Se encuentra posicionado en una zona del centro muy transitada y con muchos comercios locales q...",0.0,amueblado,"Valladolid
        
"
Local en renta en Bacalar,"...Valladolid Yucatán en el barrio de BacalarEsta propiedad se encuentra en una de las calles más transitadas de Valladolid, la calle 39. Si estás buscando un local en renta que esté listo para generar ganancias, este es el lugar ideal para ti: ya que s...","15,000",internet,"Valladolid
        
"
Casona Sisal,"...Valladolid Yucatán, Sisal. Una hermosa casona colonial en un lugar notable. Frente al Ex-Convento de San Bernardino y a el letrero turistico de Valladolid, la vista es inmejorable. También está situado a la vuelta de la esquina de la calle más famosa...","52,000","4 habitaciones
1 baño
jardín","sisal, Valladolid
        
"
Excelente local en Calle 40 San Juan,"...Valladolid Yucatán Este local se encuentra ubicado en una de las calles mas transitadas de Valladolid Yucatán, la calle 40 que colinda el Barrio de San Juan con el Centro de la ciudad. El local tiene una superficie de 4.5 por 4.5 metros, cuenta con u...","5,000",internet,"Valladolid
        
"
"En Renta, Casa y terreno Calle 41, Valladolid 2...","...no tiene una pequeña casa de 4mx14m con 3 areas y un baño.El terreno total es de 15X30.Ubicado en una de las calles principales de la ciudad con mucha afluencia de gente, excelente para un negocio.Para mas información contactenos.Valladolid Property....","12,000","2 habitaciones
1 baño
56 m²
214 MXN/m²","valladolid, Valladolid
        
"
Casa en Jardines de Oriente,"...x 35-28m x18mContáctenos para más información, sobre esta y otras oportunidades en bienes y raíces en Valladolid Yucatán. Somos la mejor agencia de bienes raíces y estamos aquí para ayudarte a encontrar la propiedad de tus sueños!Valladolid Property...","10,000",jardín,"Valladolid
        
"
Terreno En Renta Sobre Carretera 45 Nte,"...ción, dentro de la zona de los parques industriales de san Francisco de los Romo en Aguascalientes, cuenta con pozo tiene entrada por la carretera 45 y por la de Valladolid cuenta, cuenta con pozo es de 24,000 metros cúbicos. EasyBroker ID: EB-BT6556...","187,500",,"san francisco de los romos centro, San Francisco de los Romo
        
        
    "
"Oficina en Renta Salon Real, Valladolid","...o cualquier cosa que requiera de amplias instalaciones.Este Salon se encuentra en el Barrio de Canelaria, uno de los barrios con mas crecimiento en la ciudad de Valladolid. Quieres saber mas de este gran local en renta?Contactanos.Valladolid Property...","25,000","2 baños
962 m²
25 MXN/m²","valladolid, Valladolid
        
"
"Hacienda De Los Morales, 4 Recamaras. Carr. Rioverde","...sa en fracc. Hacienda de los morales,Por carr. Rioverde, frente a colegio valladolid.Cuenta con 2 plantas, 4 recamaras con closets,1 baño y medio, sala, comedor, cocina integral,Patio de servicio, cochera techada con portonPara 2 autos, aljibe, bomba...","7,000","4 habitaciones
2 baños
150 m²
46 MXN/m²
cochera
cocina equipada","San Luis Potosí
        
        
    "
Casa Valladolid,"...Hermosa ubicada en el hermoso municipio de Valladolid.Con cercanía a cenotes, ruinas arqueológicas, restaurantes, etc.Precio de renta, $12,000...","12,000","3 habitaciones
2 baños","Valladolid
        
"
"Espectacular Casa En Renta En San Felipe, Yucatan",...as en tiempo de San Felipe a hacia atractivos turísticos cercanos: · 1 hora y 45 minutos de Mérida. · 15 minutos de Rio Lagartos· 30 minutos de Las Coloradas· 1 hora y 15 minutos de El Cuyo· 1 hora y 30 minutos de Valladolid. EasyBroker ID: EB-AH6580...,0.0,"3 habitaciones
2 baños
cochera
terraza","Mexico
        
        
    "
"Oficina, Locales en renta en Valladolid Yucatan 1 baño...",...Locales en renta en Valladolid Yucatan en Afueras - Valladolid - Yucatán...,"10,000","1 baño
480 m²
20 MXN/m²","valladolid, Valladolid
        
"
Oficina en Renta en Nueva Valladolid,"...Valladolid, a unos pasos del Supremo Tribunal de Justicia. Incluye internet, agua, luz, limpieza, área de recepción y baño compartidos. Disponible para contadores o abogados. Cerca del monumento a Lázaro Cárdenas y calzada La Huerta. CONTÁCTANOS: (44...",0.0,20 m²,"nueva valladolid, Morelia
        
"
"RENTA DE LOCAL EN COLONIA NUEVA VALLADOLID, Nueva Valladolid","...VALLADOLID, POR EL TIANGUIS DE COCHES. Amplio local de 700m² con dos bodegas de 150m² dentro, dos baños, un comedor y un entresuelo. Local con luz y agua, y pre instalación de línea telefónica. ¡Que no te lo ganen! Contáctanos: ( (teléfono oculto) #r...","45,000",,"Morelia
        
"
Rancho en venta en Ebtun,"...Valladolid Yucatán Se vende rancho en Ebtun, un encantador pueblo a solo 7 kilómetros de Valladolid Yucatán, a 150 metros de la iglesia de Ebtun. Esta propiedad es ideal para aquellos que buscan vivir rodeados de naturaleza, pero a sólo 10 minutos de...",0.0,,"Valladolid
        
"
Disfruta Una Semana En Un Penthouse De Lujo En Cancun,"...valladolid, bacalar y mérida. Descripción:planta baja:sala, comedor, cocina, medio baño, terraza y 2 recamaras con baño planta alta:master suite con baño, terraza amenidades:alberca, chapoteadero, jacuzzi y asoleadero seguridad:cortinas anticiclonica...","49,000","3 habitaciones
3 baños
jacuzzi
terraza","supermanzana Cancún
        
"
Local en Renta en Valladolid MX18 EQ2990,"Local en renta en San Juan. 340m2 terreno, 340m2 construcción. Nocnok ID: MX18-EQ2990","27,000","340 m²
79 MXN/m²","centro, Valladolid
        
"
"Privada Valle De Valladolid, Conjunto Habitacional Campo...","En Homie no te pedimos aval, te respaldamos y hacemos de tu vida algo maravilloso. Entérate de todos los beneficios que tienes como inquilino al rentar con nosotros: * Pago con tarjeta de crédito, débito, transferencia o efectivo. * Depósito de...",0.0,"2 habitaciones
1 baño
40 m²
Descuento
alberca
cocina equipada","pueblo viejo, Temixco
        
"
Local en Renta en Valladolid MX18 EQ3009,"Local en renta en San Juan. 108m2 terreno, 108m2 construcción. Nocnok ID: MX18-EQ3009","20,000","108 m²
185 MXN/m²","centro, Valladolid
        
"
"Privada valle de valladolid, conjunto habitacional campo...","En Homie no te pedimos aval, te respaldamos y hacemos de tu vida algo maravilloso. Entérate de todos los beneficios que tienes como inquilino al rentar con nosotros: * Pago con tarjeta de crédito, débito, transferencia o efectivo. * Depósito de...",0.0,"2 habitaciones
1 baño
40 m²
Descuento
alberca
cocina equipada","pueblo viejo, Temixco
        
"
Oficina en Renta en Nueva Valladolid,"...Valladolid, a unos pasos del Supremo Tribunal de Justicia. Incluye internet, agua, luz, limpieza, área de recepción y baño compartidos. Disponible para contadores o abogados. Cerca del monumento a Lázaro Cárdenas y calzada La Huerta. CONTÁCTANOS: (44...",0.0,20 m²,"nueva valladolid, Morelia
        
"
DEPARTAMENTOS AMUEBLADOS POR DIA Departamento en Renta...,"...nta en Valladolid Yucatan. RENTO BONITOS DEPARTAMENTOS POR DIA, TOTALMENTE AMUEBLADOS, CUENTAN CON MINISPLIT, CAMA MATRIMONIAL, SOFA CAMA, HAMAQUEROS, MESA, COCINETA, CLOSET, ABANICO DE TECHO,REFRIGERADOR, TV, PARRILLA, AGUA CA. Departamento en Renta...",0.0,"1 habitación
1 baño
amueblado","los cipreses, Valladolid
        
"
Renta De Terreno Para Establecimiento De Paneles Solares...,"...Valladolid, sobre carretera federal, Tiene 4 Torres dentro del terreno.La Estación Termoeléctrica de Valladolid se ubica a 12 km en Línea Recta; las vías de comunicación son muy buenas: Se puede comunicar con la Carretera Federal Valladolid-Carrillo...","300,000",,"Tekom
        
"
"Espectacular Casa En Renta En San Felipe, Yucatan",...as en tiempo de San Felipe a hacia atractivos turísticos cercanos: · 1 hora y 45 minutos de Mérida. · 15 minutos de Rio Lagartos· 30 minutos de Las Coloradas· 1 hora y 15 minutos de El Cuyo· 1 hora y 30 minutos de Valladolid. EasyBroker ID: EB-AH6580...,0.0,"3 habitaciones
2 baños
cochera
terraza","Mexico
        
        
    "
DEPARTAMENTO AMUEBLADO EN RENTA POR MES Departamento en...,"...Renta en valladolid Yucatan. Departamento amueblado en renta por mes en Valladolid, Yuc. Cuenta con 2 minisplits, 1 cama matrimonial, hamaquero, abanico de techo, tv, refrigerador, mesa, cocineta, closet, baño con agua caliente. Departamento en Renta...",0.0,"1 habitación
1 baño
300 m²
amueblado","los cipreses, valladolid
        
        
    "
Departamento en renta por mes Departamento en Renta en...,"...nta en Valladolid Yucatan. DEPARTAMENTOS TOTALMENTE AMUEBLADOS, CUENTA CON COCINETA, PARRILLA ELECTRICA, VAJILLA, SARTENES, CAMA MATRIMONIAL, MINISPLIT, ABANICO DE TECHO, MOSQUITEROS, PANTALLA PLANA, MESA, CLOSET, BAÑO CON AGUA. Departamento en Renta...",0.0,"1 habitación
1 baño","fracc. los cipreses, Valladolid
        
"
Casa en Renta en Fracc. Las Haciendas,"...Valladolid, kinder, primaria y secundaria de gobierno), con acceso por Fracc. Praderas o por Bugambilias. Informes: Judith Palafox Estátus jurídico: Libre de gravamen. ADVERTENCIA: Recuerda que nunca debes dar un anticipo sin validar que esta publica...",0.0,"2 habitaciones
1 baño
90 m²
cochera
cocina equipada","Xalapa
        
"
Renta casa Bugambilias Casa en Renta en Xalapa Enríquez...,"...Casa en Renta en Xalapa-Enríquez Veracruz. Casa remodelada, en esquina, a unos pasos de la universidad Valladolid. Consta de 2 recámaras, 1.5 baños, sala-comedor, amplia cocina, patio de servicio, cochera para 1 auto.. Casa en Renta...",0.0,"2 habitaciones
2 baños
cochera","bugambilias las trancas, Xalapa-Enríquez
        
        
    "
Casa en Renta en Fracc. Las Haciendas,"...Valladolid, kinder, primaria y secundaria de gobierno), con acceso por Fracc. Praderas o por Bugambilias. Informes y citas: Judith Palafox Estátus jurídico: Libre de gravamen. ADVERTENCIA: Recuerda que nunca debes dar un anticipo sin validar que esta...",0.0,"2 habitaciones
1 baño
84 m²
cochera
terraza","Emiliano Zapata
        
"
BODEGA EN RENTA EN NUEVA VALLADOLID Bodega en Renta en...,"...nta en Morelia Michoacan de Ocampo. BODEGA EN RENTA EN NUEVA VALLADOLID. Tiene una superficie total de 1,450 m2. Cuenta con 5 oficinas, baños para personal, piso de concreto hidráulico y techo de estructura metálica. RENTA $ 50,000.0. Bodega en Renta...","50,000","1450 m²
34 MXN/m²","nueva valladolid, Morelia
        
        
    "
Renta de terreno para establecimiento de paneles solares...,"...Valladolid, sobre carretera federal, Tiene 4 Torres dentro del terreno.La Estación Termoeléctrica de Valladolid se ubica a 12 km en Línea Recta; las vías de comunicación son muy buenas: Se puede comunicar con la Carretera Federal Valladolid-Carrillo...","300,000",,"pueblo tekom, Tekom
        
"
"Rento Casa En Valladolid, Yuc","Casa con amplio patio y atras y parte de enfrente, 3 recamaras uy dos baños con closets, cocina, comedor, se renta semi amueblada o sin muebles. Aires acondicionados en dos recamaras. No incluye agua y luz","6,000","3 habitaciones
2 baños
400 m²
15 MXN/m²
aire acondicionado
amueblado","Valladolid
        
"
"Terreno en RENTA, VALLADOLID, JESÚS MARÍA, AGS. CTR 313282",...El mejor terreno en RENTA sobre la carretera a Valladolid. Cuenta con pozo propio y servicio de agua. Para más información llamar al 971 00 00...,0.0,19327 m²,"hacienda el chichimeco, Jesús María
        
"
"Venta de terreno de 8 hectáreas en Yalcoba, Valladolid","...Valladolid.Aprovecha esta gran oportunidad de adquirir un hermoso terreno con impresionante cenote tipo caverna, el cual cuenta con una profundidad aproximada mente de 10 m2 aumentando el algunas áreas a 16. Este hermoso regalo de la naturaleza cuent...",0.0,"80000 m²
finca catalogada","Valladolid
        
"
BONITA CASA DUPLEX O DEPARTAMENTO EN SNTA. MARIA...,"...a en Morelia Michoacan de Ocampo. BONITA CASA DUPLEX O DEPARTAMENTO EN SNTA. MARIA $5,300,00.M.N BIEN UBICADO, ZONA MUY TRANQUILA, MUY CERCA DE LA PREPA VALLADOLID, UVAQ Y ALTOZANO. PLANTA ALTA. MTC: 120 COCHERA PARA UN AUTO, A. Departamento en Renta...","5,300","3 habitaciones
2 baños
dúplex
cochera","col. lomas de santa maria, Morelia
        
        
    "
LOCAL EN RENTA,"...Nuevo local comercial en esquina, con cortina de acero, cerca de escuela (Colegio Valladolid) en avenida transitada con instalación para minisplit y para poner tarja si se requiere. Negociable instalación de cancel y aire...",0.0,27 m²,"fraccionamiento mediterráneo, Ahome
        
"
Venta de casa en el Fraccionamiento Los Héreoes en...,"...Valladolid, de dos plantas, ya remodelada, con buenos acabados y en zona con avenida amplia.La casa consta de:Planta Baja:SalaComedorCocina2 recámaras1 baño completoárea de lavadoPatio con pequeño jardín.Cochera para 2 autosPlanta Alta:3 recámaras1 b...",0.0,"3 habitaciones
2 baños
220 m²
tenis","Mérida
        
"
Casa En Renta,"Casa en renta de 2 niveles, cochera para 2 autos con porton electrico. Primer Nivel: recibidor, sala-comedor, medio baño de visitas, cocina integral, lavanderia y cuarto de servicio, patio. Segundo Nivel: 3 recamaras cada una con baño, la...","20,000","3 habitaciones
3 baños
cochera
cocina equipada","cumbres del valle, Monterrey
        
"
"Privada Valle de Valladolid, Conjunto Habitacional Campo...","Bonito y acogedor departamento en fraccionamiento con alberca, el departamento cuenta con 2 recamaras, sala comedor, cocina con estufa, todo el inmueble cuenta con persianas y protecciones en las ventanas, tanque de gas. El fraccionamiento tiene...",0.0,"2 habitaciones
1 baño
40 m²","pueblo viejo, Temixco
        
"
Renta de terreno para establecimiento de paneles solares...,"...Valladolid, sobre carretera federal, Tiene 4 Torres dentro del terreno.La Estación Termoeléctrica de Valladolid se ubica a 12 km en Línea Recta; las vías de comunicación son muy buenas: Se puede comunicar con la Carretera Federal Valladolid-Carrillo...","300,000",,"Tekom
        
"
"Renta En San Miguel De Allende,Gto En Col. San Antonio...","Renta depa amueblado en colonia san antonio de 3 recamaras con 2 y medio baños, sala, comedor, cocina con alacenas, terraza compartida con otro departamento en el lugar, estacionamiento.A tan solo 16 minutos caminando al centro de la...","18,000","3 habitaciones
3 baños
amueblado
terraza","san antonio, San Miguel de Allende
        
"
Local y salón para eventos en Valladolid,"...Valladolid Yucatán y salón para eventosEste amplio terreno de 743 m2 de superficie cuenta con un espacio comercial al frente, de aproximadamente 10 x 8 mts, divido en dos locales. Al fondo hay una zona techada para eventos, muy amplia, con cocina y b...","20,000","2 baños
cochera
alberca","santa ana, Valladolid
        
"
Hacienda para inversionistas,...Valladolid Se Renta en Valladolid Yucatán espaciosa hacienda con restaurante con gran potencial para grupos turísticos. Este restaurante esta totalmente acondicionado para recibir gran cantidad de turistas en su comedor totalmente equipado.La haciend...,"180,000","9 habitaciones
aire acondicionado
cochera","afueras, Valladolid
        
"
Nueva valladolid bonita oficina,"Muy bonita oficina en planta alta, cuenta con 9 privados y baño para hombres y mujeres. Muy cerca de los juzgados de la ciudad de morelia y de la plaza de toros. Cuenta con todos los servicios, excelente para abogados","7,000","9 habitaciones
141 m²
49 MXN/m²","nueva valladolid, Morelia
        
        
    "
Rento Habitacion Compartida Roomie Rumbo Altozano,"...rey, Santa Maria, Universidad vasco de Quiroga, Valladolid. La habitacion es compartida con otro roomie. Se te entrega con una cama nueva con su colchon, se comparte baño y cocina.br /Incluye los servicios de internet, luz, agua, una limpieza semanal...",0.0,"1 habitación
1 baño
30 m²","las torrecillas, Morelia
        
"
"Oficina, Local en renta San Juan, Valladolid","...a giro comercial. situado en frente del parque de San Juan en una zona muy tranquila. El espacio consta de 2 pequeños cuartos y un baño. Puede ser usado como oficinas, para una pequeña aula, etc. Para más información, contactenos. Valladolid property...","6,000",1 baño,"Mexico
        
"
"Privada Valle De Valladolid, Conjunto Habitacional Campo...","En Homie no te pedimos aval, te respaldamos y hacemos de tu vida algo maravilloso. Entérate de todos los beneficios que tienes como inquilino al rentar con nosotros: * Pago con tarjeta de crédito, débito, transferencia o efectivo. * Depósito de...",0.0,"2 habitaciones
1 baño
40 m²
Descuento
alberca
cocina equipada","pueblo viejo, Temixco
        
"
"Espectacular Casa En Renta En San Felipe, Yucatan",...as en tiempo de San Felipe a hacia atractivos turísticos cercanos: · 1 hora y 45 minutos de Mérida. · 15 minutos de Rio Lagartos· 30 minutos de Las Coloradas· 1 hora y 15 minutos de El Cuyo· 1 hora y 30 minutos de Valladolid. EasyBroker ID: EB-AH6580...,0.0,"3 habitaciones
2 baños
cochera
terraza","Mexico
        
        
    "
Propiedad cerca de Chichimila,"...Valladolid - Chichimila. Tiene un pozo natural (Cenote subterraneo). Arboles frutales.Esta propiedad acepta solo pagos en efectivo. Esta propiedad no acepta creditos hipotecarios. INFONAVIT, FOVISSSTE, ISSFAM, ETC.Para más información, contáctenos so...","250,000",,"Valladolid
        
"
"Espectacular Casa En Renta En San Felipe, Yucatan",...as en tiempo de San Felipe a hacia atractivos turísticos cercanos: · 1 hora y 45 minutos de Mérida. · 15 minutos de Rio Lagartos· 30 minutos de Las Coloradas· 1 hora y 15 minutos de El Cuyo· 1 hora y 30 minutos de Valladolid. EasyBroker ID: EB-AH6580...,0.0,"3 habitaciones
2 baños
cochera
terraza","Mexico
        
        
    "
Departamento 3 recamaras amueblado Mision de las Flores,"...Valladolid, Chetumal, Terrenos en venta Departamento en Renta largo plazo céntrico sobre avenida constituyentes ubicado en el fraccionamiento en Misión de las Flores, Playa del Carmen, Quintana Roo, el departamento se encuentra amueblado, cuenta con...","9,600","3 habitaciones
2 baños
balcón
amueblado
cocina equipada","las palmas Playa del Carmen
        
"
Rento Habitacion Compartida Roomie Rumbo Altozano,"...rey, Santa Maria, Universidad vasco de Quiroga, Valladolid. La habitacion es compartida con otro roomie. Se te entrega con una cama nueva con su colchon, se comparte baño y cocina.br /Incluye los servicios de internet, luz, agua, una limpieza semanal...",0.0,"1 habitación
1 baño
30 m²","las torrecillas, Morelia
        
"
Departamento amueblado en renta a largo plazo en Valladolid,"...Valladolid, $3,500, incluye agua, cable e internet, solo pagas luz.Cuenta con minisplit, tv, cama matrimonial, refrigerador, mesa, ventilador de techo, mosquiteros, cocineta con parrilla y tanque de gas, closet y baño con agua caliente.Contamos con e...",0.0,"1 habitación
1 baño
35 m²
amueblado
cable","Valladolid
        
"
Local en renta enfrente del cenote Zací,"...Valladolid Yucatán, enfrente del Cenote Zací, que es un lugar muy concurrido por muchos turistas y gente local.Este local tiene 2 baños y un amplio espacio de 6.5 metros por 5 metros. Que lo hace perfecto para un pequeño local comercial. No desaprove...","15,000",,"Valladolid
        
"
"Oficinas en renta en el Centro de la Ciudad de Morelia,...","...ina equipada, patio de servicio y en planta alta cuenta con 4 habitaciones, sala de televisión, 3 baños y cuarto de servicio con baño completo. Excelente para oficinas, a solo unos pasos del Valladolid Secundaria y muy cerca de la Av. Lázaro Cárdenas...","23,000","cochera
cocina equipada","centro histórico, Morelia
        
"
Nuevo Departamento Amueblado Lomas del Campestre2,...mas del Campestre 2 SEC Edificio Lugares cercanos UAA Gym Colegio Valladolid Club Campestre Salón Jardín Campestre Universidad Cuauhtémoc Cochera cerrada para un carro posibilidad de dos Sala Cocina integral Comedor Dos baños Dos recámaras con clóset...,0.0,"2 habitaciones
gimnasio
amueblado
cochera
cocina equipada
jardín","Aguascalientes
        
"
Hotel Rustico en Valladolid Yucatán,"...Valladolid dentro del distrito histórico, cumple con las normas y regulaciones establecidas como Pueblo Mágico. El inmueble consta de 2,312 m2 9 habit?aciones cada una con baño Sala de usos multiples, Lobby recepcion, Totalmente amueblada, acondicion...",0.0,"2312 m²
alberca
jardín","Valladolid
        
"
Privada Valle de Valladolid Conjunto Habitaci,...Valladolid Conjunto Habitacional Campo Verde Pueblo Viejo En Homie no te pedimos aval te respaldamos y hacemos de tu vida algo maravilloso Entérate de todos los beneficios que tienes como inquilino al rentar con nosotros Pago con tarjeta de crédito d...,0.0,"2 habitaciones
1 baño
40 m²
Descuento
cochera
alberca
cocina equipada","Temixco
        
"
Departamento en Renta sin muebles en privada Real Bilbao,"...valladolid #bacalar Departamento en renta SIN MUEBLES ubicado en real bilbao en Playa del Carmen Quintana Roo, Real Bilbao cuenta con áreas comunes, privadas con seguridad, jardines,, alberca en areas comunes con palapa dentro de la privada. El depar...","7,300","3 habitaciones
1 baño
alberca
cocina equipada
jardín","Solidaridad
        
"
RENTA DE BODEGA OFICINA CON TERRENO AL NORTE Bodega en...,...ega en Renta en Jesús María Aguascalientes. BODEGA - OFICINA CON TERRENO EN PARQUE INDUSTRIAL. La bodega se encuentra en el carretera Valladolid Jesús María. La Área Techada es de 12 x 15: 180 m2 Área sin techar 14 x 34: 474 m2 Cuant. Bodega en Renta...,"10,000","180 m²
55 MXN/m²","Jesús María
        
"
10 locales comerciales,...Valladolid Yucatán Excelente oportunidad para inversionistas! Vive de tus rentas! Esta excepcional propiedad tiene un gran potencial e puede convertirse fácilmente en un hostal para cambiar el giro del negocio.La construcción es totalmente nueva y ab...,0.0,,"Valladolid
        
"
Terreno En Av. Del Cortijo Granja En Tlajomulco De Zuñiga,"...valladolid y de la calle constitución oriente. Superficie: 12,000 metros cuadrados aprox. Frente: 80 metros. Fondo: 150 metros.$6 x m2la granja cuenta con casa para velador, pozo de agua, cancha de frontón y cancha de fútbol 7. La casa cuenta con sal...","72,000",cocina equipada,"Tlajomulco de Zúñiga
        
"
Casa Flamboyanes,...Valladolid Yucatán Es una casa vacacional ideal para pasar una estadía cómoda con su familia ya que este alojamiento cuenta con dos recamaras con aire acondicionado El alojamiento esta ubicado en flamboyanes unas de las colonias que cuentan con vario...,0.0,"2 habitaciones
1 baño
aire acondicionado
gimnasio
cochera","Valladolid
        
"
Propiedad en venta en San Juan,"...7 x 13 metros.Contáctenos para más información, sobre esta y otras oportunidades en bienes y raíces en Valladolid Yucatán. Somos la mejor agencia de bienes raíces y estamos aquí para ayudarte a encontrar la propiedad de tus sueños!Valladolid property...",0.0,,"Valladolid
        
"
"Privada Valle de Valladolid, Conjunto Habitacional Campo...","En Homie no te pedimos aval, te respaldamos y hacemos de tu vida algo maravilloso. Entérate de todos los beneficios que tienes como inquilino al rentar con nosotros: * Pago con tarjeta de crédito, débito, transferencia o efectivo. * Depósito de...",0.0,"2 habitaciones
1 baño
Descuento
alberca
cocina equipada","pueblo viejo, Temixco
        
"
RENTO DEPARTAMENTO AMUEBLADO COL. HIDALGO BLVR CASTELLON...,"RENTO DEPARTAMENTO AMUEBLADOCOCINA CON: COCINETA CON REFRIGERADOR CHICO, Y SING, ESTUFA CON TANQUE PARA GAS INSTALACION PREPARADAMRSA CON 2 SILLAS1 BANCO SOFARECAMARA AMUEBLADA CON CAMA ESTANTE COSMETIQUEROINCLUYE: AGUA, INTERNET...",0.0,"1 habitación
1 baño
20 m²
amueblado
internet","Villa Mediterranea
        
"
Locales en renta en Valladolid Yucatan,"...Estos locales se encuentran en el fraccionamiento Colonos y es un area bastante tranquila. Para mas información sobre inversiones en bienes raíces, contáctenos. Somos la agencia inmobiliaria con la mayor cartera de propiedades en Valladolid Yucatán....","10,000",,"Valladolid
        
"
Departamento 3 recamaras Mision las flores,"...Valladolid, Chetumal, Terrenos en venta Departamento en Renta largo plazo céntrico sobre avenida constituyentes ubicado en el fraccionamiento en Misión de las Flores, Playa del Carmen, Quintana Roo, el departamento se encuentra amueblado, cuenta con...","9,600","2 habitaciones
1 baño
balcón
cocina equipada","mision las flores, Playa del Carmen
        
"
Departamento XIBALBA,...Valladolid Yucatán A pocos minutos de la plaza principal de la ciudad este departamento es uno de los puntos medios de Valladolid a sus alrededores podrás encontrar restaurantes super mercados como bodega aurera lavanderias etc El departamento esta e...,0.0,"1 habitación
1 baño
aire acondicionado
cochera","Valladolid
        
"
"Privada Valle de Valladolid, Conjunto Habitacional Campo...","En Homie no te pedimos aval, te respaldamos y hacemos de tu vida algo maravilloso. Entérate de todos los beneficios que tienes como inquilino al rentar con nosotros: * Pago con tarjeta de crédito, débito, transferencia o efectivo. * Depósito de...",0.0,"2 habitaciones
1 baño
Descuento
alberca
cocina equipada","Morelos
        
"
Departamento Heroica,...Valladolid Yucatán Ideal si desea pasar unos días confortables en esta bella ciudad ya que esta a pocos minutos del centro de la ciudad Encontraras a sus alrededores restaurantes lavanderias tiendas Cuenta con Estacionamiento Agua FRIA CALIENTE WIFI...,0.0,"1 habitación
1 baño
aire acondicionado
cochera","Valladolid
        
"
Casa Flamboyanes,"...Valladolid, Yucatán. Es una casa vacacional ideal para pasar una estadía cómoda con su familia, ya que este alojamiento cuenta con dos recamaras con aire acondicionado. El alojamiento esta ubicado en flamboyanes unas de las colonias que cuentan con v...",0.0,"2 habitaciones
aire acondicionado
cochera","Yucatán
        
"
Locales Comerciales,"...Valladolid Yucatan En Renta 4 locales comerciales en una de las avenidas principales de Valladolid yucatan, calle 41 o salida a Cancun, justo frentea un oxxo y gasolinera y con gran afluencia de automovilistas.Estos locales cuentan con espacios ampli...","17,000",,"Valladolid
        
"
"Venta de terreno de 8 hectáreas en Yalcoba, Valladolid","...Valladolid.Aprovecha esta gran oportunidad de adquirir un hermoso terreno con impresionante cenote tipo caverna, el cual cuenta con una profundidad aproximada mente de 10 m2 aumentando el algunas áreas a 16. Este hermoso regalo de la naturaleza cuent...",0.0,"80000 m²
finca catalogada","Valladolid
        
"
"Terreno Renta 20,000 M2 Miramar Zapopan Norte Jalisco...","TERRENO DE 20,000 M2 TERRENO CON ADOQUIN BARDAS PERIMETRALES DE 3 METROS DE ALTURA CERCA DE CIUDAD JUDICIAL TUTELAR A DOS CUADRAS DE PERIFERICO EXELENTE UBICACION TERRENO REGULAR. EasyBroker ID: EB-DU8084","300,000",,"miramar, Zapopan
        
"
Casa amueblada cerca de Periferico Aeropuerto Plaza Oriente,...n y Valladolid Casa amueblada de 1 habitacion con clima 2 camas estufa refrigerador vajilla utensilios de cocina tv de paga patio area de lavado espacio para 2 carros Cel WhatsApp 9991##### lauracasasmerida yahoocommx celular 999 1##### ...,0.0,"1 habitación
1 baño
amueblado","Mérida
        
"
"Terreno En Renta, Valladolid, Jesús María, Ags. Ctr 313282",...El mejor terreno en RENTA sobre la carretera a Valladolid. Cuenta con pozo propio y servicio de agua. Para más información llamar al 971 00 00...,"7,000",,"el chichimeco, Jesús María
        
"
Valladolid Fraccionamiento Campo Verde,En Homie no te pedimos aval te respaldamos y hacemos de tu vida algo maravilloso Entérate de todos los beneficios que tienes como inquilino al rentar con nosotros Pago con tarjeta de crédito débito transferencia o efectivo Depósito de garantía a...,0.0,"2 habitaciones
1 baño
62 m²
Descuento
amueblado
cochera
alberca","Temixco
        
"
Departamento XIBALBA,"...Valladolid, Yucatán. A pocos minutos de la plaza principal de la ciudad, este departamento es uno de los puntos medios de Valladolid, a sus alrededores podrás encontrar restaurantes, super mercados como bodega aurera, lavanderias, etc. El departament...",0.0,"1 habitación
aire acondicionado","Valladolid
        
"
Casa y terreno Calle 41,"...no tiene una pequeña casa de 4mx14m con 3 areas y un baño.El terreno total es de 15X30.Ubicado en una de las calles principales de la ciudad con mucha afluencia de gente, excelente para un negocio.Para mas información contactenos.Valladolid Property....","12,000",,"Valladolid
        
"
Restaurante dentro de la hacienda Guadalupana,...Valladolid Yucatán espacioso restaurante con gran potencial para grupos turísticos. Este restaurante esta totalmente acondicionado para recibir gran cantidad de turistas en su comedor totalmente equipado. El restaurante se encuentra en la majestuosa...,"25,000","8 baños
160 m²
156 MXN/m²
aire acondicionado
cochera
cocina equipada","afueras, Valladolid
        
"
Departamento Heroica,"...Valladolid, Yucatán. Ideal si desea pasar unos días confortables en esta bella ciudad, ya que esta a pocos minutos del centro de la ciudad. Encontraras a sus alrededores restaurantes, lavanderias, tiendas. Cuenta con: • Estacionamiento. • Agua FRIA /...",0.0,"1 habitación
aire acondicionado","Valladolid
        
"
Renta Excelente Departamento Los Heroes Leon,"...Valladolid, segundo piso (piso de en medio), cuenta con cajón de estacionamiento, sala comedor, cocina con tarja, patio de servicio con boiler de paso y cilindro de gas 10 l, 1 baño y 2 recámaras con Closet. el edificio cuenta con áreas verdes, y el...",0.0,"2 habitaciones
1 baño","Guanajuato
        
"
Bodega en Renta en FRACC. PARQUE INDUSTRIAL CHICHIMECO...,"Nocnok ID: MX19-FW0900. Planta de procesos, producción y empacados carnicos Planta acondicionada para procesos car nicos con instalaciones nuevas especiales para dicho proceso. Con cámaras canaleras, área de producción, área refrigeración,...",0.0,"10 habitaciones
4 baños
1000 m²","carretera jesús maría -valladolid, Jesús María
        
"
Renta de terreno para establecimiento de paneles solares...,"...Valladolid, sobre carretera federal, Tiene 4 Torres dentro del terreno.La Estación Termoeléctrica de Valladolid se ubica a 12 km en Línea Recta; las vías de comunicación son muy buenas: Se puede comunicar con la Carretera Federal Valladolid-Carrillo...",0.0,,"Tekom
        
"
Local comercial en Santa Lucia,...8.10 x 66. - Valladolid - renta...,0.0,,"Valladolid
        
"
Casa colonial en renta en centro historico,"Casa colonial en renta en avenida principalEsta majestuosa propiedad colonial se encuentra a 2 cuadras del parque del centro, en el tradicional barrio de Candelaria. Su excelente ubicación y amplios.","35,000",,"centro, Valladolid
        
"
"Terreno Comercial En Renta, En Nueva Valladolid, Morelia","...Terreno en renta en Morelia en la colonia Nueva Valladolid, de 24x27m; esquina Nicolás de los Palacios rubios y Juan de Alvarado, contra esquina de la plaza Monumental. Ideal para farmacia, OXXO, auto lata, minisúper, entre otros...","19,500",,"nueva valladolid, Morelia
        
        
    "
"Terreno Comercial En Renta, En Nueva Valladolid, Morelia","...Terreno en renta en Morelia en la colonia Nueva Valladolid, de 24x27m; esquina Nicolás de los Palacios rubios y Juan de Alvarado, contra esquina de la plaza Monumental. Ideal para farmacia, OXXO, auto lata, minisúper, entre otros...","19,500",,"nueva valladolid, Morelia
        
"
Local en renta en nueva valladolid,"...ia nueva valladolid, por el tianguis de coches. Amplio local de 700m² con dos bodegas de 150m² dentro, dos baños, un comedor y un entresuelo. Local con luz y agua, y pre instalación de línea telefónica. ¡que no te lo ganen! contáctanos: (443) 275 021...","45,000","700 m²
64 MXN/m²","nueva valladolid, Morelia
        
"
Casa Sofía/ Renta por Día,"...Valladolid, Yucatán. A 10 minutos en vehículo del Centro de la Ciudad.Habitación 1:• Cama King Size con su juego de sábanas.• Aire acondicionado.• Ventilador de techo.• Closet.• 2 Ventanas.• 2 Toallas.Habitación 2:• 2 camas individuales con sus juego...",0.0,"2 habitaciones
aire acondicionado
cochera","Valladolid
        
"
Oficinas En Renta En Apodaca Centro,OFICINA EN RENTA EN APODACA CENTRObbEXCELENTE UBICACIÓN A UNA CUADRA DE MIGUEL ALEMÁN OFICINA EN RENTA EN APODACA CENTRO brA UNA CUADRA DE MIGUEL ALEMÁNCALLE ANCHA FÁCIL ESTACIONAMIENTO bUna planta Sala ComedorCocina ( cocineta)1 baño completo2...,"8,000",cochera,"apodaca centro, Apodaca
        
"
Casa amueblada cerca del Aeropuerto y Periferico,...ValladolidPerifericoPlaza Oriente y ChedrauiMacroplazaSendero IMSS T1Cruz Roja Estadio Kukulkan e Iturralde Jardin Carta ClaraGrupo ModeloBepensa Universidad Pedagogica Centro de Estudios CTM Fac. de Economia de Uady Visitanos ensites.google.com/view...,0.0,"1 habitación
1 baño
200 m²
amueblado
jardín","fraccionamiento bosques de oriente, Mérida
        
"
"Oficina O Consultorio En Renta En La Col. Centro $4,500","...una cuadra del hospital civil,frente a la entrada del colegio Valladolid, en la col. Cuahutemoc, cuenta con 5m de frente y 6 de fondo que hacen 30 m2 y 1/2 baño, ideal para oficina o consultorio, por su ubicación.* Informes y citas al Tel. 2-32-25-78...",0.0,30 m²,"cuauhtémoc, Morelia
        
"
Casa en Renta en Fracc. Las Haciendas,"...Valladolid, kinder, primaria y secundaria de gobierno), con acceso por Fracc. Praderas o por Bugambilias. Informes: Judith Palafox Estátus jurídico: Libre de gravamen. ADVERTENCIA: Recuerda que nunca debes dar un anticipo sin validar que esta publica...",0.0,"2 habitaciones
1 baño
90 m²
cochera
cocina equipada","Xalapa
        
"
"Terreno Comercial De 650m2, En Esquina, Frente A Plaza...","En zona comercial bien conocida, por plaza monumental que se encuentra en frente de este gran terreno.Gran paso de personas y transporte publico.Superficie de 650m2 con cambio de uso de suelo, unicamente con 2 bardas.¡ven y conócelo!, haz tu cita...","20,000",bien comunicado,"valladolid, Morelia
        
        
    "
"Amueblado, Tres Cantos Residencial. 2 Recámaras, 2 Baños","Ubicado en Libramiento Nor Poniente. (Rumbo a Tlacote el Bajo) cerca de Vías Principales de Querétaro). (Avenida 5 de Feb, UAQ, Centro Histórico, Celaya, Gto y salida a carretera SLP. A 15 minutos. Nueva planta TOYOTA a 5 minutos. Departamento...","9,800","2 habitaciones
2 baños
lavadora
amueblado
cochera
cocina equipada","ciudad de querétaro, Querétaro
        
"
Local en renta en nueva valladolid,"...ia nueva valladolid, por el tianguis de coches. Amplio local de 700m² con dos bodegas de 150m² dentro, dos baños, un comedor y un entresuelo. Local con luz y agua, y pre instalación de línea telefónica. ¡que no te lo ganen! contáctanos: (443) 275 021...","45,000","700 m²
64 MXN/m²","nueva valladolid, Morelia
        
"
Renta de Casa Local y salón para eventos en Valladolid 2...,"...Valladolid Yucatán y salón para eventosEste amplio terreno de 743 m2 de superficie cuenta con un espacio comercial al frente, de aproximadamente 10 x 8 mts, divido en dos locales. Al fondo hay una zona techada para eventos, muy amplia, con cocina y b...","20,000","2 baños
cochera
alberca","Valladolid
        
"
Local En Renta Gómez Morín,"Local en súper ubicación,está acondicionado en segundo piso cuenta con baño son 120 mts. EasyBroker ID: EB-EA2620","30,000",,"gomez morin, San Pedro Garza García
        
"
Excelente terreno comercial en renta en libramiento sur...,"Terreno ubicado sobre el libramiento sur no. 8735, con calle fuentes de morelia, alto flujo vehicular con uso comercial. Se encuentra en un perimetro de 1 km de mega comercial mexicana, cinemex, plaza el resplandor cinepolis, zoologico benito...",0.0,7000 m²,"fuentes de valladolid, Morelia
        
        
    "
"Departamento con 1 dormitorio, 1 baño en Valladolid...","...Valladolid Yucatán, Valladolid Centro. Bejarano RE tiene el gusto de ofrecer a la agradable y cómodo departamento amueblado, muy amplio, 3 terrazas, baño, zona de lavado, comedor y cocina, ideal para una pareja, no se admiten mascotas. Incluye servic...",0.0,"1 habitación
1 baño
internet","valladolid centro, Valladolid
        
"
"Casa En Renta En El Centro Histórico De Morelia, Michoacán","...medor, cocina equipada,patio de serv. En planta alta.- cuenta con 4 habitaciones, sala de televisión, 3 y cuarto de servicio con baño completo. Excelente para oficinas, a solo unos pasos del valladolid secundaria y muy cerca de la av. Lázaro cárdenas...","23,000","cochera
cocina equipada","morelia centro, Morelia
        
        
    "
TERRENO EN AV. DEL CORTIJO GRANJA EN TLAJOMULCO DE ZUÑIGA,"...Valladolid y de la calle Constitución Oriente. Superficie: 12,000 metros cuadrados aprox. Frente: 80 metros. Fondo: 150 metros. La granja cuenta con casa para velador, pozo de agua, cancha de frontón y cancha de fútbol 7. La casa cuenta con sala, ter...","72,000",cocina equipada,"tlajomulco centro, Tlajomulco de Zúñiga
        
"
"En Renta, Casa amueblada cerca del Aeropuerto y...",...Valladolid Periferico Plaza Oriente y Chedraui Macroplaza Sendero IMSS T1 Cruz Roja Estadio Kukulkan e Iturralde Jardin Carta Clara Grupo Modelo Bepensa Universidad Pedagogica Centro de Estudios CTM Fac. de Economia de Uady Visitanos en sites.google....,0.0,"1 habitación
1 baño
200 m²
amueblado
jardín","bosques de oriente, Merida
        
"
"Nave indusrtial bodega comercial en renta en morelia,...","...morelia col. Nueva valladolid con una superficie de 610 m2 son 22.5 m. De frente por 27 m. De fondo.Cuenta con oficinas, mezzanine de 140 m2, 2 baños con regadera, comedor,2 bodegas y estacionamiento para 8 autos, piso de cemento,luz trifásica,ubicad...","45,000","610 m²
73 MXN/m²","nueva valladolid, Morelia
        
"
"RENTA EDIFICO 1,040 M2 3 NIVELES TODO O POR PISO...","RENTA EDIFICO 1,040 M2 3 NIVELES TODO O POR PISO ESTACIONAMIENTO MADERO PONIENTE MORELIANotas:Renta por nivel1er. Nivel: $35,000 + IVA2o. Nivel: $16,000 + IVA3er. Nivel: $16,000 + IVA DIRECTOR GUILLERMO ORDUÑACEL- WHATSAPP: 44-33-#####-GRUPO...","67,000","1040 m²
64 MXN/m²
cochera","nueva valladolid, Morelia
        
        
    "
"Casa En Renta Y Venta En Nueva Valladolid $6,000","...Valladolid, ésta se encuentra ubicada cerca de la plaza de todos y a 2 cuadras de la Av. Periodismo. Esta casa de un nivel cuenta con cochera para un solo automóvil, cocina equipada, sala, comedor, 3 recámaras con closet, 2.5 baños, cuarto de servici...","6,000","3 habitaciones
2 baños
182 m²
32 MXN/m²
cochera
cocina equipada","nueva valladolid, Morelia
        
        
    "
"Local con 1 baño en Valladolid Centro, Valladolid,...","...Valladolid Yucatán, Valladolid Centro. Super amplio local en de 10m x 15m con techos de 4.5 metros de alto. A un para de cuadras del centro. Uso de suelo comercial. Ven a verlo sabemos que es el lugar perfecto para tu futura empresa exitosa! Very spa...","19,000",1 baño,"valladolid centro, Valladolid
        
"
Renta mensual casa en valladolid yucatán a 10 minutos...,...10 minutos de el centro de valladolid y. La casa mide en total 270 metros es rectangular con 15.00 mts. De frente 17.00 mts. Fondo cuenta con estacionamiento para 2 autos tiene: 1 recámara una con a/a aire aconbdicionado y ventilador de techo y close...,"12,000","2 habitaciones
1 baño
270 m²
44 MXN/m²
cochera","fraccionamiento sacyabil, Valladolid
        
        
    "
Nave industrial,"...Valladolid con una superficie de 610 m2 son 22.5 m. de frente por 27 m. de fondo.Cuenta con oficinas, mezzanine de 140 m2, 2 baños con regadera, comedor,2 bodegas y estacionamiento para 8 autos, piso de cemento,luz trifásica,ubicada sobre Avenida con...",0.0,610 m²,"nueva valladolid, Morelia
        
"
Departamento 3 recamaras Mision las flores,...Valladolid Chetumal Terrenos en venta Departamento en Renta largo plazo céntrico sobre avenida constituyentes ubicado en el fraccionamiento en Misión de las Flores Playa del Carmen Quintana Roo el departamento se encuentra amueblado cuenta con 3 reca...,"9,600","2 habitaciones
1 baño
balcón
amueblado
cochera
alberca
cocina equipada","playa del carmen, Solidaridad
        
"
Casa en venta estilo Asiatico en Valladolid,"...Valladolid, Yucatan Pueblo Magico. Es una ciudad de gran atractivo turístico, por virtud de su porte colonial, de su renombrada gastronomía y debido a la cercanía y a la infraestructura carretera que la vincula con sitios importantes para el flujo de...",0.0,,"Valladolid
        
        
    "
Terreno En Renta Sobre Carretera 45 Nte,"...ción, dentro de la zona de los parques industriales de san Francisco de los Romo en Aguascalientes, cuenta con pozo tiene entrada por la carretera 45 y por la de Valladolid cuenta, cuenta con pozo es de 24,000 metros cúbicos. EasyBroker ID: EB-BT6556...","187,500",,"san francisco de los romos centro, San Francisco de los Romo
        
        
    "
Rancho en Venta en Yalcón Yucatán,"...Valladolid Yucatán, cuenta con la mejor ubicación ya que se encuentra a un kilómetro del acceso directo por el periférico y a un kilómetro del centro de Yalcón. El rancho cuenta con todos los servicios, y cuenta con una área total de 20 HA, de las cu...",0.0,alberca,"Valladolid
        
        
    "
"Terreno Comercial De 650m2, En Esquina, Frente A Plaza...","En zona comercial bien conocida por plaza monumental que se encuentra en frente de este gran terreno.Gran paso de personas y transporte público.Superficie de 650m2 con cambio de uso de suelo, únicamente con 2 bardas.¡Ven y conócelo!, haz tu cita...","20,000",bien comunicado,"valladolid, Morelia
        
"
Terreno en la Calle 41,"...iedad en renta. Excelente oportunidad de renta, un terreno de 12mX50m, para emprender un negocio en el cual solo necesites terreno. Echa a andar esa idea que tienes para un negocio. Quieres saber mas de este terreno? Contactanos. Valladolid Property....","6,000",,"centro, Valladolid
        
"
"Bodega/Nave Industrial En Renta En Cactus, Soledad De...","...Bodega con estacionamiento propio, casi a pie de Carretera Río Verde, cercana a Colegio Valladolid...","16,200","140 m²
115 MXN/m²","cactus 1a secc, Soledad de Graciano Sánchez
        
        
    "
Casa En Jardines De Oriente,"...en Valladolid, Yucatán con 4 habitaciones y 1 baño por 10,000 MX$. ¿Te gusta? Accede al anuncio para ponerte en contacto y así podrás conocerlo en persona. Ah, ¡y que no se te olvide apuntar el número de referencia 1033654 para no perderlo de vista!...","10,000","4 habitaciones
1 baño
jardín","Valladolid
        
"
"Nave indusrtial bodega comercial en renta en morelia,...","...morelia col. Nueva valladolid con una superficie de 610 m2 son 22.5 m. De frente por 27 m. De fondo.Cuenta con oficinas, mezzanine de 140 m2, 2 baños con regadera, comedor,2 bodegas y estacionamiento para 8 autos, piso de cemento,luz trifásica,ubicad...","45,000","610 m²
73 MXN/m²","nueva valladolid, Morelia
        
"
Local en Renta Jesús María 2 carr. Valladolid 2 Locales...,Local Comercial en Renta sobre avenida Emiliano Zapata..50 m2 con su medio baño. (2 disponibles).Publicado por Grupo HERO en universoinmuebles,0.0,"1 habitación
1 baño","los arroyitos, Jesús María
        
"
"Renta de oficinas en Medellin 10, Roma Norte","...Valladolid y Eje 2 Poniente Monterrey. La oficina cuenta con: 100 m2. (Todo un piso completo) Esta en el 3er. Piso Baños para hombres y mujeres Cuenta con 4 privados y 1 área abierta Renta $15,000.00 más I.V.A Para mayor información comunicarse a Hor...","15,000","4 habitaciones
2 baños
10 m²
1,500 MXN/m²","roma norte, Cuauhtemoc
        
"
"Local comercial con 1 baño en Nueva Valladolid, Morelia,...","...EasyBroker ID: EB-DY8843. Local comercial en México, Morelia Michoacán, Nueva Valladolid. SE LOCAL COMERCIAL EN AV. MADERO PONIENTE DE 6 X 27 M. MENSUAL $35,000.00. MAS INFORMACION (443) 3 14 23 99 WHATSSAP 44 34 ##### ...",0.0,1 baño,"nueva valladolid, Morelia
        
"
Increíble Sala de Fiesta con amplio terreno,"...Valladolid, el predio tiene 20 metros sobre la calle y 60 metros de fondo con una superficie de 1,200 metros cuadrados lo hacen un excelente predio para recepción social. Este predio cuenta con salón de eventos techado, piscina, jardín, estacionamien...",0.0,cochera,"Valladolid
        
"
"Local en Renta en Planta Alta Jesús María, Ags",...Local Comercial en Renta sobre avenida Emiliano Zapata (carretera a Valladolid) 100 m2. En planta alta. Cocineta. Baños de dama y caballero..Publicado por Grupo HERO a traves de Inmomap en TuPortalOnline...,"5,000","1 habitación
2 baños","los arroyitos, Jesús María
        
"
Bodega en Renta en Jesús María MX19 FW0900,"Bodega en renta en FRACC. PARQUE INDUSTRIAL CHICHIMECO. 10 habitaciones, 2 baños, 2 medio(s) baño(s), 10 estacionamiento(s), 2000m2 terreno, 1000m2 construcción. Nocnok ID: MX19-FW0900",0.0,"10 habitaciones
4 baños
1000 m²","carretera jesús maría -valladolid, Jesús María
        
"
Lote En Renta Frente A Hotel Hacienda Sanchez,"...Lote de Terreno en renta en Valladolid, Yucatán por 25,000 MX$. ¿Te gusta? Accede al anuncio para ponerte en contacto y así podrás conocerlo en persona. Ah, ¡y que no se te olvide apuntar el número de referencia 844124 para no perderlo de vista!...","25,000",,"Valladolid
        
"
Local en Renta Jesús María 2 carr. Valladolid 2 Locales...,Local Comercial en Renta sobre avenida Emiliano Zapata..50 m2 con su medio baño. (2 disponibles).Publicado por Grupo HERO a traves de Inmomap en TuPortalOnline,0.0,"1 habitación
1 baño","los arroyitos, Jesús María
        
"
"Local comercial con 2 baños en Roma Norte, Cuauhtémoc,...","...infraestructura para su funcionamiento. Ubicada en esquina de Puebla y Valladolid. El local es de dos frentes, y cuenta CON LICENCIA TIPO B (servicio de bebidas alcohólicas hasta las 2am). Cuenta con un estacionamiento público al lado del restaurante...","37,000","2 baños
traspaso
cochera","roma norte, Cuauhtémoc
        
"
"Terreno Comercial De 650m2, En Esquina, Frente A Plaza...","En zona comercial bien conocida, por plaza monumental que se encuentra en frente de este gran terreno.Gran paso de personas y transporte publico.Superficie de 650m2 con cambio de uso de suelo, unicamente con 2 bardas.¡ven y conócelo!, haz tu cita...","20,000",bien comunicado,"valladolid, Morelia
        
        
    "
TERRENO EN AV DEL CORTIJO GRANJA EN TLAJOMULCO DE ZUÑIGA,...Valladolid y de la calle Constitución Oriente Superficie 12000 metros cuadrados aprox Frente 80 metros Fondo 150 metros La granja cuenta con casa para velador pozo de agua cancha de frontón y cancha de fútbol 7 La casa cuenta con sala terraza cocina...,"72,000","cocina equipada
terraza","Tlajomulco de Zúñiga
        
"
Lote en renta frente a hotel hacienda Sanchez,"...Valladolid Yucatán Este espacioso lote esta ubicado en una de las calles mas transitadas de Valladolid, la calle 42 que conecta con el pueblo de Tizimin y la autopista de cuota Mérida-Cancun. El lote cuenta con barda perimetral y por su céntrica loca...","25,000",,"santa lucia, Valladolid
        
"
"Terreno Comercial En Renta, En Nueva Valladolid, Morelia","...Terreno en renta en Morelia en la colonia Nueva Valladolid, de 24x27m; esquina Nicolás de los Palacios rubios y Juan de Alvarado, contra esquina de la plaza Monumental. Ideal para farmacia, OXXO, auto lata, minisúper, entre otros...","19,500",,"nueva valladolid, Morelia
        
        
    "
Renta De Terreno Para Establecimiento De Paneles Solares...,"...Valladolid, sobre carretera federal, Tiene 4 Torres dentro del terreno.La Estación Termoeléctrica de Valladolid se ubica a 12 km en Línea Recta; las vías de comunicación son muy buenas: Se puede comunicar con la Carretera Federal Valladolid-Carrillo...","300,000",,"Tekom
        
"
Locales en renta en Valladolid Yucatan,...Locales en renta en Valladolid Yucatan en Afueras - Valladolid - Yucatán...,"10,000","1 baño
480 m²
20 MXN/m²","afueras, Valladolid
        
"
VENTA O RENTA BODEGA HORIZONTAL EN VALLADOLID,"...VALLADOLID IDEAL PARA CENTRO DE DISTRIBUCIÓN, modificada con una superficie de setecientos veinte metros cuadrados y una capacidad de carga de mil quinientas toneladas con una cimentación de zapatas aisladas y contra trabes de liga en concreto armado...","46,000","720 m²
63 MXN/m²
cochera","Valladolid
        
"
Oficina O Consultorio En Renta En La Col Centro 4 500 30 m2,"...Valladolid, en la col. Cuahutemoc, cuenta con 5m de frente y 6 de fondo que hacen 30 m2 y 1/2 baño, ideal para oficina o consultorio, por su ubicación.* Informes y citas al Tel. 2-32-25-78Otras Caracteristicas:Centros Comerciales Cercanos: SI.Escuela...",0.0,30 m²,"Morelia
        
"
"Departamento, La Vitia, Valle Real, Zapopan","DEPARTAMENTO NUEVO!2 RECAMARASSALACOMEDORCOCINA INTEGRAL2 BAÑOS COMPLETOSESTACIONAMIENTO 2 AUTOSVIGILANCIAAMENIDADES: GYM, ALBERCA, SALA DE JUNTAS, BIBLIOTECA LUDOTECA","17,000","2 habitaciones
2 baños","valle real, Zapopan
        
"
Locales Comerciales,"...Valladolid Yucatan En Renta 4 locales comerciales en una de las avenidas principales de Valladolid yucatan, calle 41 o salida a Cancun, justo frentea un oxxo y gasolinera y con gran afluencia de automovilistas. Estos locales cuentan con espacios ampl...","17,000","190 m²
89 MXN/m²","militar, Valladolid
        
"
Excelente Oficinas Sobre Mariano Escobedo. Remodeladas,"Oficinas sobre Av. Mariano Escobedo, Polanco. Muy seguras. Cuenta con una excelente ubicación dentro de la colonia Polanco, caracterizada por compartir colindancias con las colonias: Verónica Anzures, Reforma, Chapultepec 1a Sección y Lomas de...","47,400",,"polanco, Miguel Hidalgo
        
"
"Venta de terreno de 8 hectáreas en Yalcoba, Valladolid","...Valladolid.Aprovecha esta gran oportunidad de adquirir un hermoso terreno con impresionante cenote tipo caverna, el cual cuenta con una profundidad aproximada mente de 10 m2 aumentando el algunas áreas a 16. Este hermoso regalo de la naturaleza cuent...",0.0,"80000 m²
finca catalogada","Valladolid
        
"
Casa y terreno Calle 41,"...iene una pequeña casa de 4mx14m con 3 areas y un baño. El terreno total es de 15X30. Ubicado en una de las calles principales de la ciudad con mucha afluencia de gente, excelente para un negocio. Para mas información contactenos. Valladolid Property....","12,000","2 habitaciones
1 baño
56 m²
214 MXN/m²","Valladolid
        
"
Casa En Renta Los Lagos Villa De Pozos,Casa nueva en privada cuenta con vigilancia las 234 horas camaras de seguridad casa club equipada alberca con chapoteadero area de juegos areas verdes y gym2 plantas:Planta baja: sala comedor medio baño cocina intgral con estufa estudio en planta...,"8,000","2 habitaciones
2 baños
cochera
alberca","villa de pozos, San Luis Potosí
        
"
Salon Real,"...ualquier cosa que requiera de amplias instalaciones. Este Salon se encuentra en el Barrio de Canelaria, uno de los barrios con mas crecimiento en la ciudad de Valladolid. Quieres saber mas de este gran local en renta? Contactanos. Valladolid Property...","25,000","2 baños
962 m²
25 MXN/m²","candelaria, Valladolid
        
"
Renta mensual casa en valladolid yucatán a 10 minutos...,...10 minutos de el centro de valladolid y. La casa mide en total 270 metros es rectangular con 15.00 mts. De frente 17.00 mts. Fondo cuenta con estacionamiento para 2 autos tiene: 1 recámara una con a/a aire aconbdicionado y ventilador de techo y close...,"12,000","2 habitaciones
1 baño
270 m²
44 MXN/m²
cochera","fraccionamiento sacyabil, Valladolid
        
        
    "
Renta de terreno para establecimiento de paneles solares...,"...Valladolid, sobre carretera federal, Tiene 4 Torres dentro del terreno.La Estación Termoeléctrica de Valladolid se ubica a 12 km en Línea Recta; las vías de comunicación son muy buenas: Se puede comunicar con la Carretera Federal Valladolid-Carrillo...",0.0,,"Tekom
        
"
Oficina en Renta en Nueva Valladolid,"...Valladolid, a unos pasos del Supremo Tribunal de Justicia. Cuenta con un baño. Además área de recepción y servicios compartidos. Disponible para contador y/o abogado.Cerca del monumento a Lázaro Cárdenas y calzada La Huerta.CONTÁCTANOS: (443) 6904967...",0.0,20 m²,"michoacán, Jiquipilas
        
"
Nueva valladolid bonita oficina,"Muy bonita oficina en planta alta, cuenta con 9 privados y baño para hombres y mujeres. Muy cerca de los juzgados de la ciudad de morelia y de la plaza de toros. Cuenta con todos los servicios, excelente para abogados","7,000","9 habitaciones
141 m²
49 MXN/m²","nueva valladolid, Morelia
        
        
    "
"Venta de terreno de 8 hectáreas en Yalcoba, Valladolid","...Valladolid.Aprovecha esta gran oportunidad de adquirir un hermoso terreno con impresionante cenote tipo caverna, el cual cuenta con una profundidad aproximada mente de 10 m2 aumentando el algunas áreas a 16. Este hermoso regalo de la naturaleza cuent...",0.0,"80000 m²
finca catalogada","Valladolid
        
"
LOCAL EN RENTA EN LA ROMA,"...infraestructura para su funcionamiento. Ubicada en esquina de Puebla y Valladolid. El local es de dos frentes, y cuenta CON LICENCIA TIPO B (servicio de bebidas alcohólicas hasta las 2am). Cuenta con un estacionamiento público al lado del restaurante...","37,000","10 habitaciones
2 baños
traspaso
cochera","roma norte, Ciudad de México
        
"
"Bodega/Nave Industrial En Renta En Cactus, Soledad De...","...Bodega con estacionamiento propio, casi a pie de Carretera Río Verde, cercana a Colegio Valladolid...","16,200","140 m²
115 MXN/m²","cactus 1a secc, Soledad de Graciano Sánchez
        
        
    "
"Oficina en Roma Norte, Cuauhtémoc, Ciudad de México, México","...Valladolid se consultorio ubicado en el 3er piso sala de exploración vestidor lavabo privado sala de espera con baño compartido con otro consultorio recepcionista compartida estacionamiento para 1 auto con un costo extra de ·$1,200.00 7 niveles del e...","16,000","elevador
cochera
compartido","roma norte, Cuauhtémoc
        
"
"Terreno En Renta, Valladolid, Jesús María, Ags. Ctr 313282",...El mejor terreno en RENTA sobre la carretera a Valladolid. Cuenta con pozo propio y servicio de agua. Para más información llamar al 971 00 00...,"7,000",,"el chichimeco, Jesús María
        
"
"Hacienda De Los Morales, 4 Recamaras. Carr. Rioverde","...sa en fracc. Hacienda de los morales,Por carr. Rioverde, frente a colegio valladolid.Cuenta con 2 plantas, 4 recamaras con closets,1 baño y medio, sala, comedor, cocina integral,Patio de servicio, cochera techada con portonPara 2 autos, aljibe, bomba...","7,000","4 habitaciones
2 baños
150 m²
46 MXN/m²
cochera
cocina equipada","San Luis Potosí
        
        
    "
Casa En Condominio San Mateo Atenco,"Se renta casa impecable en Las Misiones, Toluca, 3 hab. 2 baños y medio, cocina equipada, gas estacionario, terraza trasera con techo y lavadero, 2 puestos de estacionamiento, en privada con portón eléctrico y cámaras de seguridad, en sus áreas...","6,000","3 habitaciones
2 baños
terraza
cocina equipada","Toluca
        
"
"Local en Renta en Planta Alta Jesús María, Ags",...Local Comercial en Renta sobre avenida Emiliano Zapata (carretera a Valladolid) 100 m2. En planta alta. Cocineta. Baños de dama y caballero..Publicado por Grupo HERO a traves de Inmomap en TuPortalOnline...,"5,000","1 habitación
2 baños","los arroyitos, Jesús María
        
"
Casa En Renta En Fracc Las Haciendas,"...rico sobre la avenida principal del fraccionamiento, cerca de escuelas (euro, valladolid, kinder, primaria y secundaria de gobierno), con acceso por fracc. Praderas o por bugambilias. Informes y citas:judith palafox estátus jurídico:libre de gravamen...",0.0,"2 habitaciones
1 baño
96 m²
cochera
terraza","Emiliano Zapata
        
"
Venta de casa en el Fraccionamiento Los Héreoes en...,"...Valladolid, de dos plantas, ya remodelada, con buenos acabados y en zona con avenida amplia.La casa consta de:Planta Baja:SalaComedorCocina2 recámaras1 baño completoárea de lavadoPatio con pequeño jardín.Cochera para 2 autosPlanta Alta:3 recámaras1 b...",0.0,"3 habitaciones
2 baños
220 m²
tenis","Mérida
        
"
Renta de Casa Local y salón para eventos en Valladolid 2...,"...Valladolid Yucatán y salón para eventosEste amplio terreno de 743 m2 de superficie cuenta con un espacio comercial al frente, de aproximadamente 10 x 8 mts, divido en dos locales. Al fondo hay una zona techada para eventos, muy amplia, con cocina y b...","20,000","2 baños
cochera
alberca","Valladolid
        
"
Excelente Oportunidad De Renta Terreno En Av....,"Excelente oportunidad de renta terreno en av. Periodismo, morelia.Medidas de terreno 950 m2Construidos 380 m2Andenes.En muy buen estado.Con buena ubicación.Totalmente comercial.$110,400.00 + ivaM INMUEBLES MORELIAminmueblesmorelia.mx/","110,000",,"del periodista, Morelia
        
"
Excelente local en Calle 40 San Juan,"...Valladolid Yucatán Este local se encuentra ubicado en una de las calles mas transitadas de Valladolid Yucatán, la calle 40 que colinda el Barrio de San Juan con el Centro de la ciudad. El local tiene una superficie de 4.5 por 4.5 metros, cuenta con u...","5,000",internet,"Valladolid
        
"
"En Renta, Casa en Jardines de Oriente, Valladolid","...x 35-28m x18mContáctenos para más información, sobre esta y otras oportunidades en bienes y raíces en Valladolid Yucatán. Somos la mejor agencia de bienes raíces y estamos aquí para ayudarte a encontrar la propiedad de tus sueños!Valladolid Property...",0.0,"4 habitaciones
1 baño
607 m²
jardín","Valladolid
        
"
Renta de terreno para establecimiento de paneles solares...,"...Valladolid, sobre carretera federal, Tiene 4 Torres dentro del terreno.La Estación Termoeléctrica de Valladolid se ubica a 12 km en Línea Recta; las vías de comunicación son muy buenas: Se puede comunicar con la Carretera Federal Valladolid-Carrillo...","300,000",,"Tekom
        
"
Casa en Jardines de Oriente,"...x 35-28m x18mContáctenos para más información, sobre esta y otras oportunidades en bienes y raíces en Valladolid Yucatán. Somos la mejor agencia de bienes raíces y estamos aquí para ayudarte a encontrar la propiedad de tus sueños!Valladolid Property...","10,000",jardín,"Valladolid
        
"
TERRENO EN AV. DEL CORTIJO GRANJA EN TLAJOMULCO DE ZUÑIGA,"...Valladolid y de la calle Constitución Oriente. Superficie: 12,000 metros cuadrados aprox. Frente: 80 metros. Fondo: 150 metros. La granja cuenta con casa para velador, pozo de agua, cancha de frontón y cancha de fútbol 7. La casa cuenta con sala, ter...","72,000",cocina equipada,"tlajomulco centro, Tlajomulco de Zúñiga
        
"
"Oficina En Renta, Cuauhtémoc, Ciudad De México","Oficinas en renta ubicadas en el corazón de la Condesa, con excelentes vialidades. Vigilancia 24 hrs con cámaras de seguridad, pet friendly, baños entre pisos y 1 cajón de estacionamiento. NO CALL CENTER. Pisos disponibles 1, 2, 4 y 5","42,500",,"condesa, Cuauhtémoc
        
"
VENTA O RENTA BODEGA HORIZONTAL EN VALLADOLID,"...VALLADOLID IDEAL PARA CENTRO DE DISTRIBUCIÓN, modificada con una superficie de setecientos veinte metros cuadrados y una capacidad de carga de mil quinientas toneladas con una cimentación de zapatas aisladas y contra trabes de liga en concreto armado...","46,000","720 m²
63 MXN/m²
cochera","Valladolid
        
"
BONITA CASA DUPLEX O DEPARTAMENTO EN SNTA. MARIA...,"...a en Morelia Michoacan de Ocampo. BONITA CASA DUPLEX O DEPARTAMENTO EN SNTA. MARIA $5,300,00.M.N BIEN UBICADO, ZONA MUY TRANQUILA, MUY CERCA DE LA PREPA VALLADOLID, UVAQ Y ALTOZANO. PLANTA ALTA. MTC: 120 COCHERA PARA UN AUTO, A. Departamento en Renta...","5,300","3 habitaciones
2 baños
dúplex
cochera","col. lomas de santa maria, Morelia
        
        
    "
Rancho Cuncunul,"...Valladolid. Es una población bastante tranquila y alejada de la ciudad, se encuentra a 1 hora 30 minutos de Mérida Yucatán. Este rancho tiene 31 Hectareas y cuenta con dos hermosos y ampios cuartos que se rentan normalmente en airbnb y cuentan cada c...",0.0,alberca,"Valladolid
        
"
Gran propiedad en Santa Lucia,"...Valladolid Yucatán y a solo una cuadra del parque de Santa Lucia. La zona es bastante céntrica y se ubica a corta distancia de la plaza comercial, asi como con fácil acceso al anillo periférico y la autopista Mérida- Cancún.Esta propiedad es usada ac...",0.0,,"Valladolid
        
"
RENTA DE LOTE BARDEADO A UNAS CUADRAS DE ACUEDUCTO $7999,"...RENTA TERRENO BARDEADO EN PRIVADA TIENE PISO DE CONCRETO, NO TALLERES MECÁNICOS, CERCA DE LA VOLKSWAGEN, HOSPITAL VICTORIA, OFICINAS CENTRALES CAJA MORELIA VALLADOLID, A DOS CUADRAS DE AVENIDA ACUEDUCTO.TIENE MEDIO BAÑO Y SERVICIOS DE AGUA Y LUZ...","7,999",,"insurgentes, Morelia
        
"
Rancho El Jaguar cerca de Temozon,"...Valladolid Yucatán y muy cerca de Temozón Yucatán.Este rancho cuenta con los servicios de agua y electricidad. Son 20 Hectareas el total del terreno.El terreno ya cuenta con construcción, tiene arboles frutales.Contáctenos para más información, sobre...",0.0,,"Temozón
        
"
"Oficina o consultorio en renta en la col. Centro $4,500","...Valladolid, en la col. Cuahutemoc, cuenta con 5m de frente y 6 de fondo que hacen 30 m2 y 1/2 baño, ideal para oficina o consultorio, por su ubicación.* Informes y citas al Tel. 2-32-25-78Otras Caracteristicas:Centros Comerciales Cercanos: SI.Escuela...",0.0,30 m²,"Morelia
        
"
LOCAL EN RENTA CALLE VALLADOLID Local en Renta en...,"Local en Renta en Cuauhtémoc Distrito Federal. LOCAL A PIE DE CALLE CON 120 M2, REMODELADO, 1 BAÑO, LUGAR PARA UN AUTO, GIRO COMERCIAL. Local en Renta","40,000","1 baño
120 m²
333 MXN/m²","roma norte, Cuauhtémoc
        
        
    "
Rancho cerca de Valladolid,"...Valladolid Yucatán.El rancho tiene una extensión de 38 hectáreas / 94 acres. Se usó durante años como granja y ahora necesita un nuevo propietario para darle un poco de atención.El rancho tiene una casa pequeña con un dormitorio y un baño, una cocina...",0.0,,"Valladolid
        
"
Rancho residencial con cenote en Tikuch Yucatán,"...Valladolid, y cuenta con un increíble cenote virgen de 40 metros de diámetro. Esta increíble propiedad en venta cuenta con una lindísima casita de diseño hecha de piedra y madera jabim completamente nueva, terminada en Septiembre de 2019. ¡Es la casa...",0.0,,"Tikuch
        
        
    "
Departamento 3 recamaras Mision las flores,"...Renta, Venta, Compra y Administración de propiedades en la riviera Maya, Playa del Carmen, Tulum, Valladolid, Chetumal, Terrenos en venta Departamento en Renta largo plazo céntrico sobre avenida....","9,600","2 habitaciones
1 baño","mision las flores, Playa del Carmen
        
"
"Nave Indusrtial Bodega Comercial En Renta En Morelia,...","...valladolid con una superficie de 610 m2 son 22. 5 m. De frente por 27 m. De fondo. Cuenta con oficinas, mezzanine de 140 m2, 2 baños con regadera, comedor, 2 bodegas y estacionamiento para 8 autos, piso de cemento, luz trifásica, ubicada sobre avenid...","45,000","610 m²
73 MXN/m²","nueva valladolid, Morelia
        
"
Hostal en venta o renta en Bacalar,"...Valladolid Yucatan Una oportunidad especial de poseer un hostal muy especial en el corazon de la Península de Yucatán: Valladolid. Este pueblo mágico está atrayendo cada vez más atención, por su encanto, seguridad y corta distancia a los atractivos m...",0.0,,"Valladolid
        
"
Casa en Renta en Fracc. Las Haciendas MX19 GL8881,"...Valladolid, kinder, primaria y secundaria de gobierno), con acceso por Fracc. Praderas o por Bugambilias. Informes: Judith Palafox Estátus jurídico: Libre de gravamen. ADVERTENCIA: Recuerda que nunca debes dar un anticipo sin validar que esta publica...",0.0,"2 habitaciones
1 baño
79 m²
cochera
cocina equipada","atrás de fracc. la pradera, Xalapa
        
"
LOCAL EN RENTA CALLE VALLADOLID Local en Renta en...,"Local en Renta en Cuauhtémoc Distrito Federal. LOCAL A PIE DE CALLE CON 120 M2, REMODELADO, 1 BAÑO, LUGAR PARA UN AUTO, GIRO COMERCIAL. Local en Renta","40,000","1 baño
120 m²
333 MXN/m²","roma norte, Cuauhtémoc
        
        
    "
Nave industrial,"...Valladolid con una superficie de 610 m2 son 22.5 m. de frente por 27 m. de fondo. Cuenta con oficinas, mezzanine de 140 m2, 2 baños con regadera, comedor,2 bodegas y estacionamiento para 8 autos, piso de cemento,luz trifásica,ubicada sobre Avenida co...",0.0,610 m²,"nueva valladolid, Morelia
        
"
Hostal en venta en Santa Lucia,"...Valladolid Yucatán, lleno de casas, color, cultura e historia. Este barrio se encuentra en pocas esquinas de el centro de Valladolid y tiene su parque e iglesia del mismo nombre no muy lejos del hostal.La locación de este hostal es ideal, ya que se e...",0.0,,"Valladolid
        
"
